{
    "keep": {
        "days": false,
        "amount": 30
    },
    "auditLog": "D:\\Google developer group project\\refer-app-backend\\src\\logs\\debug\\.0481d54e58f6d8a851398684aa28b930d36a9207-audit.json",
    "files": [
        {
            "date": 1731001031372,
            "name": "D:\\Google developer group project\\refer-app-backend\\src\\logs\\debug\\2024-11-07.log",
            "hash": "48153e226df3974c4830b89cac486b0617f3a7d0e5be34adc7c616f1e20d1f1e"
        },
        {
            "date": 1731038564945,
            "name": "D:\\Google developer group project\\refer-app-backend\\src\\logs\\debug\\2024-11-08.log",
            "hash": "7cee965141cf6dc85c7eda61796a1f1f61d45b656366dbc547389bc97b2b2bc4"
        },
        {
            "date": 1731171156312,
            "name": "D:\\Google developer group project\\refer-app-backend\\src\\logs\\debug\\2024-11-09.log",
            "hash": "d37fe64157d582e1539f42cb830abdd1ff6dd36afbf0bc548ecf698292064691"
        },
        {
            "date": 1731179838179,
            "name": "D:\\Google developer group project\\refer-app-backend\\src\\logs\\debug\\2024-11-10.log",
            "hash": "4b0c24acbe0da5337f1716da2081811cd02e0a256b8e2068228c3409ccdd0cc9"
        }
    ],
    "hashType": "sha256"
}