{
    "keep": {
        "days": false,
        "amount": 30
    },
    "auditLog": "/app/src/logs/debug/.d38e39010a18c70ad383bcbb5804ad00e5ad89cc-audit.json",
    "files": [
        {
            "date": 1731043797038,
            "name": "/app/src/logs/debug/2024-11-08.log",
            "hash": "72f73a4764c247d77d85cc1132dee0f146fc0896f2eb2d6c4ccc7292c4e32784"
        },
        {
            "date": 1731179673071,
            "name": "/app/src/logs/debug/2024-11-09.log",
            "hash": "98a116e4f29953c7f40bc05376b13287073fee58e5e97d9847d3eac6e421fe54"
        }
    ],
    "hashType": "sha256"
}