{
    "keep": {
        "days": false,
        "amount": 30
    },
    "auditLog": "/app/src/logs/error/.b04b3dba0db3a643a1b7de9f3079804ac7bef6a2-audit.json",
    "files": [
        {
            "date": 1731043797060,
            "name": "/app/src/logs/error/2024-11-08.log",
            "hash": "6dbef1f457b3361d082c0126dc66b79c40a1397d6b6fdfeb65011f8b21999711"
        },
        {
            "date": 1731179673138,
            "name": "/app/src/logs/error/2024-11-09.log",
            "hash": "8d42a699e6765bd5ea7d445182f85f4338d51d5930ed6b53b706a50086c24959"
        }
    ],
    "hashType": "sha256"
}