{
    "keep": {
        "days": false,
        "amount": 30
    },
    "auditLog": "D:\\Google developer group project\\refer-app-backend\\src\\logs\\error\\.cee9f8cd1f7f046a7dde37c63189be919e36eaae-audit.json",
    "files": [
        {
            "date": 1731001031409,
            "name": "D:\\Google developer group project\\refer-app-backend\\src\\logs\\error\\2024-11-07.log",
            "hash": "cc543fe2533926dcac2adfe8f6321f15629536f8d0548078b2a89cc42e9df93c"
        },
        {
            "date": 1731038564953,
            "name": "D:\\Google developer group project\\refer-app-backend\\src\\logs\\error\\2024-11-08.log",
            "hash": "890e08ea770af627914faf726d9d751c9ad041c5bbc085face0960123d5d5984"
        },
        {
            "date": 1731171156319,
            "name": "D:\\Google developer group project\\refer-app-backend\\src\\logs\\error\\2024-11-09.log",
            "hash": "ff3f330d2c006f85dd24b514b576ba0cf45c991c320b9cf4f70e963b916d9fcf"
        },
        {
            "date": 1731179838216,
            "name": "D:\\Google developer group project\\refer-app-backend\\src\\logs\\error\\2024-11-10.log",
            "hash": "37b6bfa84e008822fc6ab34b9ee7589672029d94b691f6de2b6288a982ffda7a"
        }
    ],
    "hashType": "sha256"
}